http://www.gustavus.edu,https://gustavus.edu/academics/
http://www.gustavus.edu,https://gustavus.edu/admission/
http://www.gustavus.edu,https://gustavus.edu/finearts/
http://www.gustavus.edu,https://gogusties.com
http://www.gustavus.edu,http://gustavustickets.com
http://www.gustavus.edu,https://gustavus.edu
http://www.gustavus.edu,https://apply.gustavus.edu/register/?id=ac8a6c7d-5a5c-4a55-9fe1-4df918bb7135
http://www.gustavus.edu,https://apply.gustavus.edu/register/moreinfo
http://www.gustavus.edu,https://www.youvisit.com
http://www.gustavus.edu,https://gustavus.edu/admission/visit/
http://www.gustavus.edu,https://gustavus.edu/student-life/immersive-experience/
http://www.gustavus.edu,https://gustavus.edu/calendar/gustie-days-10
http://www.gustavus.edu,https://gustavus.edu/admission/financial-aid/funding-your-education/
http://www.gustavus.edu,https://gustavus.edu/about/location/exploration/
http://www.gustavus.edu,https://news.blog.gustavus.edu/2023/11/30/meet-the-2023-st-lucia-court/
http://www.gustavus.edu,https://finearts.blog.gustavus.edu/2023/11/29/gustavus-senior-marta-sikora-makes-big-impact-in-mn-orchestra-internship/
http://www.gustavus.edu,https://news.blog.gustavus.edu/2023/11/20/christmas-in-christ-chapel-marks-50-years-at-gustavus/
http://www.gustavus.edu,https://news.blog.gustavus.edu/2023/11/17/gusties-showcase-their-artistic-creativity/
http://www.gustavus.edu,https://news.blog.gustavus.edu/2023/11/10/the-first-impressions-of-first-year-gusties/
http://www.gustavus.edu,https://news.blog.gustavus.edu/2023/11/03/first-term-seminars-arent-just-academic/
http://www.gustavus.edu,https://news.blog.gustavus.edu/2023/11/02/36519/
http://www.gustavus.edu,https://finearts.blog.gustavus.edu/2023/10/30/ghastly-gusties-gustavus-alumni-fuel-the-nightmares-of-mall-of-americas-haunted-house/
http://www.gustavus.edu,https://finearts.blog.gustavus.edu/2023/10/27/nobel-59-opening-procession-brings-the-gustavus-spirit-to-life/
http://www.gustavus.edu,https://athletics.blog.gustavus.edu/2023/03/19/womens-hockey-wins-programs-first-national-championship-in-triple-overtime-thriller/
http://www.gustavus.edu,https://www.facebook.com/gustavusadolphuscollege
http://www.gustavus.edu,https://twitter.com/gustavus
http://www.gustavus.edu,https://www.instagram.com/gustavusadolphuscollege/
http://www.gustavus.edu,https://www.youtube.com/c/gustavusadolphuscollege
http://www.gustavus.edu,https://gustavus.edu/giving/
http://www.gustavus.edu,https://gustavus.edu/about/
http://www.gustavus.edu,https://gustavus.edu/news/
http://www.gustavus.edu,https://gustavus.edu/events/
http://www.gustavus.edu,https://gustavus.edu/hr/employment/
http://www.gustavus.edu,https://gustavus.edu/feedback/?currPage=https%3A%2F%2Fgustavus.edu%2F
http://www.gustavus.edu,https://gustavus.edu/policy/privacy.php
http://www.gustavus.edu,https://gustavus.edu/titleix/
https://gustavus.edu/titleix/,https://gustavus.edu/academics/
https://gustavus.edu/titleix/,https://gustavus.edu/admission/
https://gustavus.edu/titleix/,https://gustavus.edu/finearts/
https://gustavus.edu/titleix/,https://gogusties.com
https://gustavus.edu/titleix/,https://gustavus.edu/titleix/policy/
https://gustavus.edu/titleix/,https://cm.maxient.com/reportingform.php?GustavusAdolphusCollege&layout_id=4
https://gustavus.edu/titleix/,https://docs.google.com/spreadsheets/d/1PnJBYjRhLVMMz07XQID29M_CEK7fiU9N5gKsAqjS-d0/edit?usp=sharing
https://gustavus.edu/titleix/,https://gustavus.edu/safecolleges
https://gustavus.edu/titleix/,https://gustavus.edu/studentsafecolleges
https://gustavus.edu/titleix/,http://www.ohe.state.mn.us/sPages/SADR.cfm
https://gustavus.edu/titleix/,https://gustavus.edu/safety/concertFiles/media/safetyreport.pdf
https://gustavus.edu/titleix/,https://gustavus.edu
https://gustavus.edu/titleix/,https://gustavus.edu/titleix/GetHelpNow/index.php
https://gustavus.edu/titleix/,https://gustavus.edu/profiles/jwatter2
https://gustavus.edu/titleix/,https://www.facebook.com/gustavusadolphuscollege
https://gustavus.edu/titleix/,https://twitter.com/gustavus
https://gustavus.edu/titleix/,https://www.instagram.com/gustavusadolphuscollege/
https://gustavus.edu/titleix/,https://www.youtube.com/c/gustavusadolphuscollege
https://gustavus.edu/titleix/,https://gustavus.edu/giving/
https://gustavus.edu/titleix/,https://gustavus.edu/about/
https://gustavus.edu/titleix/,https://gustavus.edu/news/
https://gustavus.edu/titleix/,https://gustavus.edu/events/
https://gustavus.edu/titleix/,https://gustavus.edu/hr/employment/
https://gustavus.edu/titleix/,https://gustavus.edu/feedback/?currPage=https%3A%2F%2Fgustavus.edu%2Ftitleix%2F
https://gustavus.edu/titleix/,https://gustavus.edu/policy/privacy.php
https://gustavus.edu/policy/privacy.php,https://gustavus.edu/academics/
https://gustavus.edu/policy/privacy.php,https://gustavus.edu/admission/
https://gustavus.edu/policy/privacy.php,https://gustavus.edu/finearts/
https://gustavus.edu/policy/privacy.php,https://gogusties.com
https://gustavus.edu/policy/privacy.php,http://gustavustickets.com
https://gustavus.edu/policy/privacy.php,https://gustavus.edu
https://gustavus.edu/policy/privacy.php,http://www.google.com/intl/en/privacy/
https://gustavus.edu/policy/privacy.php,https://www.google.com/settings/ads
https://gustavus.edu/policy/privacy.php,https://tools.google.com/dlpage/gaoptout/
https://gustavus.edu/policy/privacy.php,https://www.facebook.com/gustavusadolphuscollege
https://gustavus.edu/policy/privacy.php,https://twitter.com/gustavus
https://gustavus.edu/policy/privacy.php,https://www.instagram.com/gustavusadolphuscollege/
https://gustavus.edu/policy/privacy.php,https://www.youtube.com/c/gustavusadolphuscollege
https://gustavus.edu/policy/privacy.php,https://gustavus.edu/giving/
https://gustavus.edu/policy/privacy.php,https://gustavus.edu/about/
https://gustavus.edu/policy/privacy.php,https://gustavus.edu/news/
https://gustavus.edu/policy/privacy.php,https://gustavus.edu/events/
https://gustavus.edu/policy/privacy.php,https://gustavus.edu/hr/employment/
https://gustavus.edu/policy/privacy.php,https://gustavus.edu/feedback/?currPage=https%3A%2F%2Fgustavus.edu%2Fpolicy%2Fprivacy.php
https://gustavus.edu/feedback/?currPage=https%3A%2F%2Fgustavus.edu%2Fpolicy%2Fprivacy.php,https://gustavus.edu/academics/
https://gustavus.edu/feedback/?currPage=https%3A%2F%2Fgustavus.edu%2Fpolicy%2Fprivacy.php,https://gustavus.edu/admission/
https://gustavus.edu/feedback/?currPage=https%3A%2F%2Fgustavus.edu%2Fpolicy%2Fprivacy.php,https://gustavus.edu/finearts/
https://gustavus.edu/feedback/?currPage=https%3A%2F%2Fgustavus.edu%2Fpolicy%2Fprivacy.php,https://gogusties.com
https://gustavus.edu/feedback/?currPage=https%3A%2F%2Fgustavus.edu%2Fpolicy%2Fprivacy.php,https://gustavus.edu
https://gustavus.edu/feedback/?currPage=https%3A%2F%2Fgustavus.edu%2Fpolicy%2Fprivacy.php,https://www.facebook.com/gustavusadolphuscollege
https://gustavus.edu/feedback/?currPage=https%3A%2F%2Fgustavus.edu%2Fpolicy%2Fprivacy.php,https://twitter.com/gustavus
https://gustavus.edu/feedback/?currPage=https%3A%2F%2Fgustavus.edu%2Fpolicy%2Fprivacy.php,https://www.instagram.com/gustavusadolphuscollege/
https://gustavus.edu/feedback/?currPage=https%3A%2F%2Fgustavus.edu%2Fpolicy%2Fprivacy.php,https://www.youtube.com/c/gustavusadolphuscollege
https://gustavus.edu/feedback/?currPage=https%3A%2F%2Fgustavus.edu%2Fpolicy%2Fprivacy.php,https://gustavus.edu/giving/
https://gustavus.edu/feedback/?currPage=https%3A%2F%2Fgustavus.edu%2Fpolicy%2Fprivacy.php,https://gustavus.edu/about/
https://gustavus.edu/feedback/?currPage=https%3A%2F%2Fgustavus.edu%2Fpolicy%2Fprivacy.php,https://gustavus.edu/news/
https://gustavus.edu/feedback/?currPage=https%3A%2F%2Fgustavus.edu%2Fpolicy%2Fprivacy.php,https://gustavus.edu/events/
https://gustavus.edu/feedback/?currPage=https%3A%2F%2Fgustavus.edu%2Fpolicy%2Fprivacy.php,https://gustavus.edu/hr/employment/
https://gustavus.edu/feedback/?currPage=https%3A%2F%2Fgustavus.edu%2Fpolicy%2Fprivacy.php,https://gustavus.edu/feedback/?currPage=https%3A%2F%2Fgustavus.edu%2Ffeedback%2F
https://gustavus.edu/feedback/?currPage=https%3A%2F%2Fgustavus.edu%2Ffeedback%2F,https://gustavus.edu/academics/
https://gustavus.edu/feedback/?currPage=https%3A%2F%2Fgustavus.edu%2Ffeedback%2F,https://gustavus.edu/admission/
https://gustavus.edu/feedback/?currPage=https%3A%2F%2Fgustavus.edu%2Ffeedback%2F,https://gustavus.edu/finearts/
https://gustavus.edu/feedback/?currPage=https%3A%2F%2Fgustavus.edu%2Ffeedback%2F,https://gogusties.com
https://gustavus.edu/feedback/?currPage=https%3A%2F%2Fgustavus.edu%2Ffeedback%2F,https://gustavus.edu
https://gustavus.edu/feedback/?currPage=https%3A%2F%2Fgustavus.edu%2Ffeedback%2F,https://www.facebook.com/gustavusadolphuscollege
https://gustavus.edu/feedback/?currPage=https%3A%2F%2Fgustavus.edu%2Ffeedback%2F,https://twitter.com/gustavus
https://gustavus.edu/feedback/?currPage=https%3A%2F%2Fgustavus.edu%2Ffeedback%2F,https://www.instagram.com/gustavusadolphuscollege/
https://gustavus.edu/feedback/?currPage=https%3A%2F%2Fgustavus.edu%2Ffeedback%2F,https://www.youtube.com/c/gustavusadolphuscollege
https://gustavus.edu/feedback/?currPage=https%3A%2F%2Fgustavus.edu%2Ffeedback%2F,https://gustavus.edu/giving/
https://gustavus.edu/feedback/?currPage=https%3A%2F%2Fgustavus.edu%2Ffeedback%2F,https://gustavus.edu/about/
https://gustavus.edu/feedback/?currPage=https%3A%2F%2Fgustavus.edu%2Ffeedback%2F,https://gustavus.edu/news/
https://gustavus.edu/feedback/?currPage=https%3A%2F%2Fgustavus.edu%2Ffeedback%2F,https://gustavus.edu/events/
https://gustavus.edu/feedback/?currPage=https%3A%2F%2Fgustavus.edu%2Ffeedback%2F,https://gustavus.edu/hr/employment/
